,ID,Name,Col-3,Col-4,Phn No,Col-6
0,# 103460,Adams,Rocky Mountain Herbal Farms,2140 Country Club Parkway,9702151771,Milliken Colorado 80543
1,# 103480,Adams,"Phamily Farm Production, LLC",16590 Watkins Road,720-926-6568,Brighton Colorado 80601
2,# 103519,Adams,Hammer Enterprises I.S.,57700 E. 24th Ave.,415-941-1283,Strasburg Colorado 80136
3,# 103526,Adams,Kinh Pham,1979 S. Lake Rd,720-226-6059,Lakewood Colorado 80227
4,# 103538,Adams,Berserker Holdings LLC,6565 Vine Court,720573-4801,Denver Colorado 80229
5,# 103559,Adams,Greengroves LLC,15665 Havana Way,720-232-4989,Brighton Colorado 80602
6,# 103572,Adams,Rocky Mountain Herbal Farms,2140 Country Club Parkway,9702151771,Milliken Colorado 80543
7,# 103623,Adams,Haleigh's Hope Inc,PO Box 24,303-842-0179,Fairplay Colorado 80440
8,# 103630,Adams,"Agros, LLC",PO Box 427,3033224116,Brighton Colorado 80601
9,# 103682,Adams,"CSS Consulting, LLC","5023 W 120th Ave, #120",720-837-5947,Broomfield Colorado 80023
10,# 103716,Adams,"C.F.H., Ltd","350 Terry St, Suite 150",610-906-0259,Longmont Colorado 80510
11,# 103739,Adams,GOOD FATE LLC,7756 S Joplin Ct,3037045534,Englewood Colorado 80112
12,# 103771,Adams,Micah Town,7380 Schumaker Road,7202311149,Bennett Colorado 80102
13,# 103813,Adams,DENVER TAI HONG LLC,16295 E Geddes Pl,3037045534,Centennial Colorado 80016
14,# 103835,Adams,Leader Organics Inc.,13975 Mimosa Rd,3035145709,Byers Colorado 80103
15,# 103902,Adams,"Juleah, LLC",3879 E 120th Ave #301,561-324-8466,Thornton Colorado 80233
16,# 103911,Adams,Arkansas Valley Farms L.L.C.,11700 E 160th Ave,303-995-8314,Brighton Colorado 80602
17,# 103938,Adams,"Mile High Organics, LLC",7830 West Alameda Ave,303-828-8642,Lakewood Colorado 80226
18,# 103944,Adams,"Willoughby Farms, LLC",9460 N Manilla Rd,402-206-9692,Bennett Colorado 80102
19,# 103951,Adams,"Berserker Holdings, LLC",6565 Vine Court,,Denver Colorado 80229
20,# 103972,Adams,Connor Kloepfer,1435 County Road 16 1/2,7202542153,LONGMONT Colorado 80504
21,# 103985,Adams,"Drallibor Hemp Co., LLC",9580 East 160th Avenue,303-665-5828,Brighton Colorado 80602
22,# 104007,Adams,"Phamily Farm, LLC",8578 E 50th Ave,7209266568,Denver Colorado 80238
23,# 103551,Alamosa,Cloud CO. Farms LLC,PO Box 681,719-722-4422,Alamosa Colorado 81101
24,# 103552,Alamosa,Cloud CO Farms LLC,PO Box 681,719-722-4422,Alamosa Colorado 81101
25,# 103667,Alamosa,BryFaH Inc,1370 S Depew St,720-628-4330,Lakewood Colorado 80232
26,# 103788,Alamosa,Leafusion LLC,5066 County Road 112,,Mosca Colorado 81146
27,# 103815,Alamosa,Green Acres Hemp Farm,6344 county road 116 south,719-206-4367,alamosa Colorado 81101
28,# 103852,Alamosa,Apis Domum Farm LLC,1950 Chambers Rd,3035693022,Aurora Colorado 80011
29,# 103659,Arapahoe,Colomeadow Farms LLC,64001 Old US Hwy 40,303-822-5800,Byers Colorado 80103
30,# 103660,Arapahoe,Colomeadow Farms LLC,64001 Old US Hwy 40,303-822-5800,Byers Colorado 80103
31,# 103966,Arapahoe,la ferme colorado llc,2443 south oakland circle,2054216196,aurora Colorado 80014
32,# 103997,Arapahoe,Vigeo Construction and Consulting,1420 Ulster St,970-445-2616,Denver Colorado 80220
33,# 103631,Archuleta,Kerrigan Farms L.L.C.,3531 CR 973,9707691809,Ignacio Colorado 81137
34,# 103673,Archuleta,Ample Returns LLC,PO Box 1973,9708832551,Arboles Colorado 81121
35,# 103761,Archuleta,Kind Hemp Farms LLC,P.O. Box 1815,9708830015,Arboles Colorado 81121
36,# 103589,Baca,Justin Mundell,24491 CR 37.5,,Walsh Colorado 81090
37,# 103590,Baca,Justin Mundell,24491 CR 37.5,,Walsh Colorado 81090
38,# 103591,Baca,Justin Mundell,24491 CR 37.5,,Walsh Colorado 81090
39,# 103592,Baca,Justin Mundell,24491 CR 37.5,,Walsh Colorado 81090
40,# 103593,Baca,Justin Mundell,24491 CR 37.5,,Walsh Colorado 81090
41,# 103594,Baca,Justin Mundell,24491 CR 37.5,,Walsh Colorado 81090
42,# 103600,Baca,RCG Farms Inc,24491 CR 37.5,,Walsh Colorado 81090
43,# 103838,Baca,Justin Mundell,24491 CR 37.5,719-529-9305,Walsh Colorado 81090
44,# 103839,Baca,Justin Mundell,24491 CR 37.5,719-529-9305,Walsh Colorado 81090
45,# 103840,Baca,Justin Mundell,24491 CR 37.5,719-529-9305,Walsh Colorado 81090
46,# 103841,Baca,Justin Mundell,24491 CR 37.5,719-529-9305,Walsh Colorado 81090
47,# 103846,Baca,"LP Ind., LLC",23298 US Hwy 160,719-529-0758,Springfield Colorado 81073
48,# 103848,Baca,"CAG Holdings, LLC",23298 US Hwy 160,719-529-0758,Springfield Colorado 81073
49,# 103892,Baca,4 leaf clover farms llc,25336 CR. DD .5,719-353-1422,Springfield Colorado 81073
50,# 103921,Baca,"Rocky Mountain Hemp, Inc.",23256 US Highway 160,9705960723,Springfield Colorado 81073
51,# 103638,Bent,Cortez Hemp LLC,919 6th Street,7194686891,Las Animas Colorado 81054
52,# 103767,Bent,NAF Grow Company,"7991 Shaffer Parkway, Suite 200",7205606086,Littleton Colorado 80127
53,# 103491,Boulder,Hempward Farms LLC,2300 75th Street,303-589-0947,Boulder Colorado 80301
54,# 103507,Boulder,Vermillion Hill Farms,9202 Vermillion road,7202317170,Longmont Colorado 80503
55,# 103533,Boulder,"Buffalo Ventures, LLC",8187 Ouray Dr.,720-899-6514,Longmont Colorado 80503
56,# 103553,Boulder,Love R Hemp LLC,4130 Chippewa St,303-579-9630,Boulder Colorado 80303
57,# 103596,Boulder,Saint Vrain Research LLC,425 S Bowen St Unit 4,720-924-6147,Longmont Colorado 80501
58,# 103604,Boulder,North Field Farm,3535 Nyland Way,704-201-5853,Lafayette Colorado 80026
59,# 103607,Boulder,Proto Hemp Products LLC,"2000 South Colorado Blvd Tower One,",,Suite 2000
60,720-713-9925,Denver Colorado 80222,# 103620,Boulder,RJM LLC,PO Box 2694
61,970-380-4656,Lyons Colorado 80540,# 103657,Boulder,"Tree Cellar, LLC","300 Center Dr., Suite G188"
62,9542353777,Superior Colorado 80027,,,,
63,# 103669,Boulder,"HGH Seed, Inc.",11021 Yellowstone Road,808-392-0472,Longmont Colorado 80504
64,# 103702,Boulder,Wild Hills Ag Productions LLC,10771 N 49th St,716-860-3594,Longmont Colorado 80503
65,# 103749,Boulder,Drabbit Farms,PO Box 18074,3034197262,Boulder Colorado 80308
66,# 103768,Boulder,Hempz.inc,1900 55 st #105b,2396828182,Boulder Colorado 80301
67,# 103770,Boulder,"Knotweed Farms, LLC",7957 Arapahoe Rd,512-944-5216,boulder Colorado 80303
68,# 103772,Boulder,"Center Pivot Group, LLC",11021 Yellowstone Road,727-249-6725,Longmont Colorado 80504
69,# 103789,Boulder,Tindakan Innovations PBC,238 Sweet Valley Court,7203640972,Longmont Colorado 80501
70,# 103790,Boulder,One Heart Hemp Collective LLC,7751 WOODLAND RD,720-315-1075,LONGMONT Colorado 80503
71,# 103842,Boulder,The Rainforest LLC,PO Box 241,970-930-1568,Lyons Colorado 80540
72,# 103850,Boulder,Saint Vrain Research LLC,5926 Saint Vrain Rd,3038181008,Longmont Colorado 80503
73,# 103857,Boulder,Bud Brother Farms LLC,4336 63rd Street,7725380210,Boulder Colorado 80302
74,# 103865,Boulder,"HGH Seed, Inc.",11021 Yellowstone Road,808-392-0472,Longmont Colorado 80504
75,# 103906,Boulder,"Center Pivot Group, LLC",11021 Yellowstone Road,480-678-8089,Longmont Colorado 80504
76,# 103909,Boulder,Sunshine Canyon Hemp Company LLC,5220 Sunshine Canyon Drive,3034447141,Boulder Colorado 80302
77,# 103915,Boulder,A Boulder Pharm LLC,3082 N 75th Street,303-931-3760,Boulder Colorado 80301
78,# 103926,Boulder,Soul Grown Farms LLC,9849 Isabelle Road,8049307745,Lafayette Colorado 80026
79,# 103929,Boulder,"Sievers Infinity, LLC",655 Northstar Ct,303-447-0788,Boulder Colorado 80304
80,# 103930,Boulder,"Red Rocks, LLC",2467 N. 119th St.,303-638-7372,Lafayette Colorado 80026
81,# 103955,Boulder,Curnativ Farms LLC,"1555 California Street, Unit 313",720-563-1580,Denver California 80202
82,# 103979,Boulder,The Regents of the University of Colorado,"4845 Pearl East Circle, Suite 200",303-492-0770,Boulder Colorado 80301
83,# 103983,Boulder,"MH Consulting, LLC",959 Wolf  Creek Dr,6306051707,Longmont Colorado 80504
84,# 104008,Boulder,"AeroGrow International, Inc.",5405 Spine Road,(303) 903-0407,Boulder Colorado 80301
85,# 103598,Broomfield,Charlotte's Web Inc.,"1801 California St.,Suite 4800",303-947-8571,Denver Colorado 80202
86,# 103506,Chaffee,Satsang Farms LLC,347 Holiday Hills Dr.,843-513-7888,Howard Colorado 81233
87,# 103670,Chaffee,Orchard Organics LLC,8309 County Road 250,9705563585,Salida Colorado 81201-9445
88,# 103836,Chaffee,"Geo Gardens, Inc.",16455 County Road 162,7193959151,Nathrop Colorado 81236
89,# 103837,Chaffee,"Sawatch Hemp, LLC",16557 County Road 162,8179942766,Nathrop Colorado 81236
90,# 103968,Chaffee,Sawatch Agriculture Llc,16557 County Road 162,8179942766,Nathrop Colorado 81236
91,# 103706,Cheyenne,"KHMP, LLC",1997 County Road 71,970-215-1061,Sheridan Lake Colorado 81071
92,# 103707,Cheyenne,"KHMP, LLC",1997 County Road 71,970-215-1061,Sheridan Lake Colorado 81071
93,# 103708,Cheyenne,"KHMP, LLC",1997 County Road 71,970-215-1061,Sheridan Lake Colorado 81071
94,# 103517,Clear Creek,"Canopy Growth USA, LLC","35715 Highway 40, Suite D102",720-435-0761,Evergreen Colorado 80439
95,# 103497,Conejos,TBHS LLC,1600 Lynda Ln,5129631828,Pueblo Colorado 81008
96,# 103481,Costilla,Rito Claro LLC DBA Dos Hermanos Ranch,PO Box 342,719-672-3660,San Luis Colorado 81152
97,# 103486,Costilla,TSK Multiversal LLC,11050 county rd 21,2167122124,san pablo Colorado 81152
98,# 103547,Costilla,BoMar Agra Estates LLC,29962 17th St,312-999-8871,Blanca Colorado 81123
99,# 103549,Costilla,BoMar Agra Estates LLC,267 9th Street,312-999-8871,Wheeling Illinois 60090
100,# 103570,Costilla,Daniel Ryan Dickson,PO Box 197,210-262-8369,Helotes Texas 78023
101,# 103735,Costilla,Vitality Farms LLC,PO Box 420,970-260-9024,San Luis Colorado 81152
102,# 103830,Crowley,Elvis Farms Corporation,9138 US Highway 50,786-239-4710,Manzanola Colorado 81058
103,# 103671,Custer,Sean Tanner,250 Oak Creek Trail,949-400-6804,Westcliffe  Colorado 81252
104,# 103693,Custer,Super Natural Farms,219 E Fontanero St,719-651-9111,Colorado Springs Colorado 80907
105,# 103843,Custer,Big Nugget Farm,PO BOX 804,785-917-0672,Westcliffe Colorado 81252
106,# 103466,Delta,Full Spectrum Ag LLC,5513 Hwy 348,480-980-6967,Delta Colorado 81416
107,# 103496,Delta,Stephen Schauer,38803 Coburn Rd,,Paonia Colorado 81428
108,# 103562,Delta,Terra Fina LLC,PO Box 541,928-308-5675,Paonia Colorado 81428
109,# 103576,Delta,Black Canyon Seed,430 W 8th St,970-975-1624,Delta Colorado 81416
110,# 103603,Delta,"Ormon Enterprises, INC.",16451 Grange Rd,303-949-2901,Paonia Colorado 81428
111,# 103625,Delta,Sweet Breeze LLC,PO Box 276,7202717165,Hotchkiss Colorado 81419
112,# 103628,Delta,Coleman Middleton,13450 Chickory Rd.,210-501-8985,Hotchkiss Colorado 81419
113,# 103629,Delta,Mary's Web LLC,7114 E Fourth Ave,303-601-6522,Denver Colorado 80220
114,# 103642,Delta,Martinez Farms LLC,3888 1900 Road,,Delta Colorado 81416
115,# 103645,Delta,"ECOGEN BIOSCIENCES, LLC",543 31 Road,305-766-5885,Grand Junction Colorado 81504
116,# 103648,Delta,"Life Research Colorado, LLC",13581 Sky Hill Rd.,8137669330,Paonia Colorado 81428
117,# 103674,Delta,"Jack Rabbit Hill, LLC","PO Box 2004, 26567 North Road",9702349463,Hotchkiss Colorado 81419
118,# 103676,Delta,"Mellowroot, LLC",39818 Nelson Rd,7209898876,Paonia Colorado 81428
119,# 103688,Delta,Potent 2018 ltd,5687 Scenic Mesa Rd,970-921-5172,Hotchkiss Colorado 81419
120,# 103699,Delta,Cindy Watson,15673 LJ Road,9705961815,Delta Colorado 81416
121,# 103709,Delta,High Country Botanicals Ltd.,41619 Lamborn Mesa Rd,970-948-4426,Paonia Colorado 81428
122,# 103714,Delta,Kristopher Meek,1038 E 11th St,4028023413,Delta Colorado 81416
123,# 103731,Delta,Joshua W Frye,13687 Ragged Mountain Drive,970-527-1049,Paonia Colorado 81428
124,# 103746,Delta,Miles Filippelli,8484 Hatchery Road,9702104855,Hotchkiss Colorado 81419
125,# 103756,Delta,B and D Pharms,1736 F ROAD,801-651-1225,DELTA Colorado 81416
126,# 103785,Delta,"22nd Century Technologies, Inc.",41437 Cottonwood Creek Rd,9704563542,Crawford Colorado 81415
127,# 103805,Delta,Pure5 Nutrients Colorado LLC,15827 N 33rd Pl,602-666-6146,Phoenix Arizona 85032
128,# 103806,Delta,Pure5 Nutrients Colorado LLC,15827 N 33rd Pl,602-666-6146,Phoenix Arizona 85032
129,# 103851,Delta,Jeanette VanDenBerg,30211 L Road,9702349101,Hotchkiss Colorado 81419
130,# 103874,Delta,"North Fork Ecologic, Ltd.",16619 Grange Rd,7202969449,Paonia Colorado 81428
131,# 103893,Delta,"CalCo Hemp Growers, LLC",53498 Easter Rd,9709852459,Olathe Colorado 81425
132,# 103905,Delta,Solvana Therapy LLC,36753 Hoffman Road,3038547831,Hotchkiss Colorado 81419
133,# 103927,Delta,Western Slope Hemp Growers Inc,9848 3160 Rd.,(970) 312-5543,Hotchkiss Colorado 81419
134,# 103928,Delta,Judy Armistead,9848 3160 Rd.,831-512-6455,Hotchkiss Colorado 81419
135,# 103949,Delta,Mark Louis Watson,54467 Fox Hill Rd,9702759179,Olathe Colorado 81425
136,# 103962,Delta,ANARA DHAY FARM,12772 ELK VALKEY RD,5512147421,Paonia Colorado 81428
137,# 103974,Delta,GGS Limited,PO Box 514,7204402361,Hotchkiss Colorado 81419
138,# 103976,Delta,Lance Hanson,"PO Box 2004, 26567 North Road",9702349463,Hotchkiss Colorado 81419
139,# 103900,Denver,AgLabs LLC,926 West 6th Ave.,303-949-6547,Denver Colorado 80204
140,# 103916,Denver,Tesoro Genetics LLC,891 14th St. #3418,720-627-9884,Denver Colorado 80202
141,# 103920,Denver,Herbal Pharm Corp,5740 Logan Street,813-618-0906,Denver Colorado 80216
142,# 103967,Denver,Hudson Farm 2763 LLC,2763 County Road 41,303-944-5151,Hudson  Colorado 80642
143,# 103992,Denver,Result Group,PO Box  19445,3037182742,Denver Colorado 80219
144,# 103780,Dolores,HHH Farms LLC,1029 Catalpa Street,970-570-9897,Cortez Colorado 81321
145,# 103503,Douglas,Redmon Company Incorporated,8050 SE Cherry Creek Rd,303-803-0530,Franktown Colorado 80116
146,# 103504,Douglas,LockHaus LLC,11675 Steele Ave,,Elbert Colorado 80106
147,# 103578,Douglas,Eric A Clark,PO Box 154,3039321941,Sedalia Colorado 80135
148,# 103817,Douglas,Serenity Remedies,1030 N Tabor Dr,7203180158,Castle Rock Colorado 80104
149,# 103965,Douglas,EMRLD Global Inc.,4275 Swanson Way #103,512-925-5914,Castle Rock Colorado 80109
150,# 103977,Douglas,"Homestead Organics, Inc.",11256 HEIDEMANN AVE,3035506369,FRANKTOWN Colorado 80116
151,# 103978,Douglas,"UNI Cattle Company, LLC",4830 Greenland Rd,303-250-2084,Larkspur Colorado 80118
152,# 103995,Douglas,Smart Farms LLC,4100 E Mississippi Ave Suite 900,3039078300,Denver Colorado 80246
153,# 104003,Douglas,"AVW Development, LLC",11901 East Palmer Divide Ave.,303-660-1196,Larkspur Colorado 80118
154,# 103462,El Paso,Clean Earth Organic Fertilizer Company LLP,22 Iowa Ave.,303-949-6547,Colorado Springs Colorado 80909
155,# 103472,El Paso,PK Phamily Farm LLC.,26645 Big Springs Rd,8329191958,Calhan Colorado 80808
156,# 103500,El Paso,"HD Distribution, LLC",71 Royal Ann Drive,7202323424,Greenwood Village  Colorado 80111
157,# 103520,El Paso,"Point 3, LLC",6115 Sengbeil Rd.,7048074463,Yoder Colorado 80864
158,# 103540,El Paso,"Fat Flower Farms, LLC",5619 Canyon View Dr,859-640-7248,Castle Rock  Colorado 80104
159,# 103543,El Paso,Hemp Heights 333 LLC,7220 Baker Road,719-394-7288,Colorado Springs Colorado 80908
160,# 103597,El Paso,"Quixotic Farms, LLC",11125 Eureka  Rd,4327015110,Calhan Colorado 80808
161,# 103602,El Paso,Bryan Forte,19155 Holman Rd,7193947430,Colorado Springs Colorado 80928
162,# 103619,El Paso,"Deadstill Hemp Solutions, Ltd.",15540 S Lauppe Rd,8087208733,Yoder Colorado 80864
163,# 103646,El Paso,University of Colorado - Colorado Springs (COS),1420 Austin Bluffs Pkwy,719-255-3121,Colorado Springs Colorado 80918
164,# 103649,El Paso,William C Roets Sr.,245 Weissenfluh Rd.,7194783930,Yoder Colorado 80864
165,# 103650,El Paso,Chase Miller,38570 Ramah Rd E,512-983-3687,Simla Colorado 80835
166,# 103654,El Paso,High Plains Crop Production,19650 Saddle Blanket Ln,2707720124,Peyton Colorado 80831
167,# 103664,El Paso,Black Squirrel Creek Farms,23550 Farmer Rd,585-520-0053,Colorado Springs Colorado 80928
168,# 103692,El Paso,Shakti Hemp,P.O. Box 18322,913-593-1500,Golden Colorado 80402
169,# 103774,El Paso,"Altman Specialty Plants, LLC",14095 N Peyton Hwy,971-222-4422,Peyton Colorado 80831
170,# 103816,El Paso,La Victoria Investment LLC,2355 N Ramah Hwy,,Yoder Colorado 80864
171,# 103872,El Paso,Serenell,2573 W 74th Ave,7204009900,Westminster Colorado 80030
172,# 103875,El Paso,PANDA SOLUTION CORP,4745 Town Center Drive Units A & B,719-309-7275,Calhan Colorado 80808
173,# 103922,El Paso,UHI Farms LLC,7896 Morning Dew Road,786-877-2706,Colorado Springs Colorado 80908
174,# 103931,El Paso,"Colorado Hemp & Hops, LLC",8600 Elliott Dr,719-332-2234,Franktown Colorado 80116
175,# 103940,El Paso,Our nature green house corporation,15815 E. 97th Ave,720-999-3081,Commerce City Colorado 80022
176,# 103954,El Paso,OBBA Kilona LLC,5956 Mulberry Rd,786-838-6729,Calhan Colorado 80808
177,# 103989,El Paso,Pure Hemp Supply LLC,3820 Hancock Expressway,7196604335,Colorado Springs Colorado 80911
178,# 103482,Elbert,Prothman & Place Farms LLC,19244 E Downy Creek Place,720-492-8152,Parker Colorado 80134
179,# 103529,Elbert,Y & Y Association,11980 County Road 133,305-713-0917,Silma Colorado 80835
180,# 103567,Elbert,High Prairie Hemp LLC,4255 Arrowhead Dr,303-829-7882,Colorado Springs Colorado 80908
181,# 103651,Elbert,Root The Rockies Inc,PO Box 14,303-346-0069,Louviers Colorado 80131
182,# 103677,Elbert,Nicholas Wankel,791 Campo St,7202023361,Denver  Colorado 80221
183,# 103683,Elbert,Jaret Bennington,3770 Ranch Hand Lane,720-425-0033,Castle Rock Colorado 80104
184,# 103687,Elbert,MC2 Farms,4890 PRIVATE ROAD 192,503-289-6353,ELIZABETH Colorado 80107
185,# 103697,Elbert,Ivanhoe Farms LLC,2891 Ivanhoe Street,8046771857,Denver Colorado 80207
186,# 103804,Elbert,"MG Mechanical, LLC",418 S Victor Way,720-234-6035,Aurora Colorado 80012
187,# 103917,Elbert,Consorzio Colorado LLC,5646 County Road 146,7205793427,Elizabeth Colorado 80107
188,# 103952,Elbert,BPlace Services LLC,40999 Way of Patience,808-292-9159,Deer Trail Colorado 80105
189,# 103961,Elbert,Colorado Hemp Honey,41322 London Dr.,303.506.9936,Parker Colorado 80138
190,# 103495,Fremont,Galway West LLC,108 County Rd 48,7199424834,Howard Colorado 81233
191,# 103554,Fremont,CNNR LLC,880 Marilynn Rd,719-248-7724,Penrose Colorado 81240
192,# 103557,Fremont,Colorado Healing Acres LLC,714 W 7th St,7194290082,Florence Colorado 81226
193,# 103644,Fremont,Sangre De Cristo Ranch LLC,11627 W 74th Way,303-513-8543,Arvada Colorado 80005
194,# 103812,Fremont,Paul Cleveland,PO Box 120,9364362246,Florence Colorado 81226
195,# 103823,Fremont,"Lazy Acres Whole Hemp, LLC",818 Della Vista Ln,719-371-1859,Canon City Colorado 81212
196,# 103895,Fremont,A4E Consulting,3550 36th Lane,7012260240,Avondale Colorado 81022
197,# 103901,Fremont,Christopher K. Fallis,4405 S Fortune Cir,,Colorado Springs Colorado 80917
198,# 103908,Fremont,"Infinite Farms, LLC",12364 W Alameda Pkwy,7203262095,Lakewood Colorado 80228
199,# 103937,Fremont,Colorado Breeders Depot LLC,596 McDaniel Blvd,6465524699,Canon City Colorado 81212
200,# 103493,Garfield,Hogback Farm LLC,PO Box 616,9703797463,Silt Colorado 81652
201,# 103512,Garfield,High Alpine Genetics LLC,1210 Bennett Ave,970-456-6873,Glenwood Springs Colorado 81601
202,# 103545,Garfield,Organic Growers,PO Box 351,954-249-5674,Rifle Colorado 81650
203,# 103569,Garfield,"Paradise Valley Farms, LLC",POB 6000,970379.7943,Battlement Mesa Colorado 81636
204,# 103579,Garfield,Rifle Creek Nursery Inc.,2492 County Road 210,970-618-1128,Rifle Colorado 81650
205,# 103675,Garfield,Farm Boyz,2335 Airport Rd Unit C,970-665-9496,Rifle Colorado 81650
206,# 103717,Garfield,Orchard Creek Ranch LLC,150 County Road 137,970-915-2221,Glenwood Springs Colorado 81601
207,# 103779,Garfield,High Alpine Genetics LLC,1210 Bennett Ave,970-456-6873,Glenwood Springs Colorado 81601
208,# 103787,Garfield,The GreenGrass Project LLC,4134 County Road 103,9703660476,Carbondale Colorado 81623
209,# 103794,Garfield,Marvin J Gilpin,2103 Co Rd 321,8126210735,Rifle Colorado 81650
210,# 103856,Garfield,Elk Creek Biosciences LLC,1779 County Road 241,970-984-8619,New Castle Colorado 81647
211,# 103886,Garfield,Hempin It,6640 County Road 312,970-210-6657,New Castle Colorado 81647
212,# 103947,Garfield,Deep Rooted Hemp Company LLC,PO Box 906,9708447761,New Castle Colorado 81647
213,# 104012,Garfield,Banana Belt Farms LLC,1577 CR 335,9704047086,New Castle Colorado 81647
214,# 103522,Huerfano,Blue Sky Farms LLP,PO Box 389,816-612-6215,Walsenburg Colorado 81089
215,# 103747,Huerfano,Everything Hemp Company LLC,6902 S Haleyville Ct,3034190465,Aurora Colorado 80016
216,# 103783,Huerfano,Brenda Hurtado,36225 County Road 520,9518401661,Walsenburg Colorado 81089
217,# 103814,Huerfano,"Greenhorn CBD, LLC",1827 County Rd 524,7193676718,Walsenburg Colorado 81089
218,# 103822,Huerfano,Natalie A Fisher,1569 Sun River Ranch Rd,719-251-5019,Walsenburg Colorado 81089
219,# 103918,Huerfano,Revolution Agriculture LLC,2200 Lakeview Ave,7193696055,Pueblo Colorado 81004
220,# 103936,Huerfano,Sunny Acres Ranch LLC,Po Box 44,913-530-9150,Walsenburg Colorado 81089
221,# 103987,Huerfano,Cannabiz Leaf Farms LLC,P.O. Box 130,(305) 494-9000,Walsenburg Colorado 81089
222,# 103484,Jefferson,Primo Gardens Inc,8135 W 94th Ave,7208412767,Westminster Colorado 80021
223,# 103513,Jefferson,Tagawa Greenhouse Enterprises LLC,17999 Weld County Rd 4,303-210-6054,Brighton Colorado 80603
224,# 103636,Jefferson,Big Water Colorado LLC,4140 Reed Street,720-287-3538,Wheat Ridge Colorado 80033
225,# 103775,Jefferson,"Heavenly Hemp Ranch ""LLC""",11950 w. 76th Ave,5129936648,Arvada Colorado 80005
226,# 103877,Jefferson,Laurie Schafer,3801 Urban Street,303-916-3423,Wheat Ridge Colorado 80033
227,# 103982,Jefferson,Essential CBD LLC,8073 S Carr Ct,3037172483,Littleton Colorado 80128
228,# 104004,Jefferson,"Ambary Gardens, LLC",15000 West 6th Ave Unit 104,3036683520,Golden Colorado 80401
229,# 104005,Jefferson,M & R Ltd,16558 lumber mill rd,3037252941,Pine Colorado 80470
230,# 103710,Kiowa,"KHMP, LLC",1997 County Road 71,970-215-1061,Sheridan Lake Colorado 81071
231,# 103711,Kiowa,"KHMP,LLC",1997 County Road 71,970-215-1061,Sheridan Lake Colorado 81071
232,# 103718,Kiowa,"KHMP, LLC",1997 County Road,970-215-1061,Sheridan Lake Colorado 81071
233,# 103720,Kiowa,"KHMP, LLC",1997 County Road 71,970-215-1061,Sheridan Lake Colorado 81071
234,# 103722,Kiowa,"KHMP, LLC",1997 County Road 71,970-215-1061,Sheridan Lake Colorado 81071
235,# 103723,Kiowa,"KHMP, LLC",1997 County Road 71,970-215-1061,Sheridan Lake Colorado 81071
236,# 103724,Kiowa,"KHMP, LLC",1997 County Road 71,970-215-1061,Sheridan Lake Colorado 81071
237,# 103725,Kiowa,"KHMP, LLC",1997 County Road 71,970-215-1061,Sheridan Lake Colorado 81071
238,# 103726,Kiowa,"KHMP, LLC",1997 County Road 71,970-215-1061,Sheridan Lake Colorado 81071
239,# 103727,Kiowa,"KHMP, LLC",1997 County Road 71,970-215-1061,Sheridan Lake Colorado 81071
240,# 103728,Kiowa,"KHMP, LLC",1997 County Road 71,970-215-1061,Sheridan Lake Colorado 81071
241,# 103733,Kiowa,"KHMP, LLC",1997 Count Road 71,970-215-1061,Sheridan Lake Colorado 81071
242,# 103455,La Plata,Artesian Valley Farm,2612 N College Drive,970-769-0462,Durango Colorado 81301
243,# 103511,La Plata,Root 151 Farm,1728 CR 326,8067879459,Ignacio Colorado 81137
244,# 103568,La Plata,"Zion Farms, LLC",4092 County Road 510,615-397-2550,Ignacio Colorado 81137
245,# 103681,La Plata,TerraSol Ranch,3599 County Road 318,832-326-0033,Ignacio Colorado 81137
246,# 103684,La Plata,Eric Bucich,3918 County Road 134,612-636-1974,Hesperus Colorado 81326
247,# 103698,La Plata,Herb Meadows Farm,"PO Box 1321, 291 N Walnut St.",720-298-6610,Mancos Colorado 81328
248,# 103777,La Plata,Brian Petrie,344 Burnett Haul Rd.,6302766077,Durango Colorado 81301
249,# 103784,La Plata,Two Bears 849 LLC,2725 County Road 250,6194533015,Durango Colorado 81301
250,# 103824,La Plata,"Slash X Slash Colorado Ranch, LLC",PO Box 1013,602-510-6623,Bayfield Colorado 81122
251,# 103832,La Plata,Sacred Valley Farms LLC,2485 CR 205,970-946-9143,Durango Colorado 81301
252,# 103914,La Plata,Gold Leaf Limited,"208 Parker Ave, Suite B",970-946-9823,Durango Colorado 81303
253,# 104009,La Plata,"Artesian Valley Farm, LLC",736 Main Ave Unit 8,970-769-0462,Durango Colorado 81301
254,# 103477,Larimer,Cottonwood Farms LLC,"1281 E. Magnolia St, Unit D, No. B7",970-379-9733,Fort Collins Colorado 80524
255,# 103508,Larimer,Elution LLC,1737 Glenwood Dr.,303-912-3552,Fort Collins Colorado 80526
256,# 103509,Larimer,Jamie S Evans,15800 MOSS ROCK DR,720-378-0556,Longmont Colorado 80503
257,# 103525,Larimer,FOCO Organics LLC,313 Park PL,9704433179,Fort Collins Colorado 80525
258,# 103544,Larimer,"North Forty Farm, LLC","5555, Sagar dr",970-690-8209,Fort Collins Colorado 80524
259,# 103546,Larimer,"Sunrise Genetics, Inc.",1821 Busch Court,3037042236,Fort Collins Colorado 80525
260,# 103558,Larimer,"Growcentia, Inc.",500 East Vine Drive,9708183321,Fort Collins Colorado 80524
261,# 103560,Larimer,Elite Botanicals LLC,"211 Versaw Court, Unit A",631-416-7878,Berthoud Colorado 80513
262,# 103561,Larimer,Impello Biocience,2601 south lemay ave suite 7 # 402,608-886-6892,Fort Collins Colorado 80525
263,# 103575,Larimer,"Pure ReLeaf, LLC",5667 N CR 11,7206148770,Fort Collins Colorado 80524
264,# 103606,Larimer,"H2 Farms, LLC",101915 North County Road 7,9705684117,Wellington Colorado 80549
265,# 103643,Larimer,"Karen Hare, RD, Nutrition Services, Inc, DBA Hare",1033 N County Road 27 E,Family Farm,
266,970-227-4329,Berthoud Colorado 80513,# 103653,Larimer,Green Cherry Organics LLC,900 N Taft Hill Rd
267,9702138551,Fort Collins Colorado 80521,# 103656,Larimer,Robert P Mills,6851 W County Road 24
268,3039563116,Loveland Colorado 80538,# 103666,Larimer,AgSkill Inc.,221 Saratoga Dr
269,970-460-0756,Windsor Colorado 80550-3129,# 103679,Larimer,Silver Leaf Hemp LLC,PO Box 301
270,719-651-7238,Masonville Colorado 80541,# 103712,Larimer,Fat Pig Society,317 North Hollywood St
271,720-454-7213,Fort Collins Colorado 80521,# 103715,Larimer,"HGH Seed, Inc.",11021 Yellowstone Road
272,808-392-0472,Longmont Colorado 80504,# 103762,Larimer,"Summit Plant Laboratories, Inc.",3003 West Vine Drive
273,# 103763,Larimer,Fat Pig Society,317 N Hollywood St,720-454-7213,Fort Collins Colorado 80521
274,# 103764,Larimer,"HGH Seed, Inc.",11021 Yellowstone Road,808-392-0472,Longmont Colorado 80504
275,# 103795,Larimer,New West Genetics Inc.,320 E Vine Dr STE 225,,Fort Collins Colorado 80524
276,# 103797,Larimer,"Impello Biosciences, Inc.",2601 South Lemay Ave,608-886-6892,Fort Collins Colorado 80526
277,# 103799,Larimer,"New West Genetics, Inc.",320 E Vine Dr STE 225,9704204997,Fort Collins Colorado 80524
278,# 103802,Larimer,Colorado State University,307 University Ave,970-491-6882,Fort Collins Colorado 80523
279,# 103827,Larimer,"Blue Forest Farms, LLC",601 3rd Ave. Ste: 205,303-931-9221,Longmont Colorado 80501
280,# 103847,Larimer,Colorado State University,"307 University Avenue, 1177 Campus",,Delivery
281,9704915730,Fort Collins Colorado 80523,# 103853,Larimer,8842 Hemp LLC,PO Box 397
282,970-214-3695,Masonville Colorado 80541,# 103855,Larimer,"Hempstead Farm, LLC",1635 Foxtrail Dr. #337
283,# 103860,Larimer,Iron roots llc,4008 Meining Road,303-589-9933,Berthoud Colorado 80513
284,# 103862,Larimer,Colorado State University,1177 Campus Delivery,9704127029,Fort Collins Colorado 80523
285,# 103869,Larimer,Chalon Kintzley,2709 W. County Rd 54G,970-988-6495,Fort Collins Colorado 80524
286,# 103871,Larimer,AcquiFlow LLC,701 W Main,310-654-9247,Gunter Texas 75058
287,# 103891,Larimer,Colorado State University Seed Lab,Soil and Crop Sciences C143 Plant,,Sciences
288,970-491-4366,Fort Collins Colorado 80523,# 103923,Larimer,"Opal Holdings, LLC","117 E 37th Street, Unit 426"
289,9705411109,Loveland Colorado 80538,# 103933,Larimer,Steve's Distributing LLC.,2710 SE Frontage Rd
290,9703885285,Fort Collins Colorado 80525,# 103942,Larimer,HM Health LLC,"1716 Main St, Suite A #165"
291,3037097716,Longmont Colorado 80501,# 103946,Larimer,"Wimo Farms, LLC",2515 Parrish Road
292,970-344-0808,Berthoud Colorado 80513,# 103963,Larimer,Owl Canyon Hemp LLC,172 Starbright Ct
293,# 103969,Larimer,Zach Shallcross Thode,PO Box 107,9707441444,LIVERMORE Colorado 80536
294,# 103994,Larimer,Colorado State University,307 University Ave,970-491-2628,Fort Collins Colorado 80523
295,# 103998,Larimer,Colorado State University - Horticulture Center,"200 West Lake Street, Delivery Code",,1173
296,970-310-4127,Fort Collins Colorado 80523,# 104002,Larimer,Colorado State University,307 W University Ave
297,970-491-6882,Fort Collins Colorado 80523,# 104010,Larimer,"C.B. Development, LLC",26 Blacktail Way
298,847-668-1424,Livermore Colorado 80536,,,,
299,# 103854,Las Animas,"Could'a been dank, llc",510 W Main St,2817734607,Trinidad Colorado 81082
300,# 103903,Las Animas,"Milordo Farms, LLC","103 W. Main Street,",719-859-8446,Trinidad Colorado 81082
301,# 103964,Las Animas,jason r oran,14306 silver pines lane,480-599-2307,Weston Colorado 81091
302,# 103501,Lincoln,RF Management LLC,3265 Cedar Heights Drive,7193102444,Colorado Springs Colorado 80904
303,# 103950,Lincoln,"T11 Farms, Inc.",PO Box 371,9703907241,Hugo Colorado 80821
304,# 103738,Logan,colorado hemp district,20874 CR 32.2,720-314-9691,Sterling Colorado 80751
305,# 103748,Logan,"Botanical Biotech, LLC",106 Juniper Drive,9705805078,Sterling Colorado 80751
306,# 103889,Logan,colorado hemp district,20874 CR 32.2,5616328960,Sterling Colorado 80751
307,# 103487,Mesa,168 Natural Farm LLC,726 Ash Dr,970-261-5789,Grand Junction Colorado 81506
308,# 103498,Mesa,Sandrock Mesa Ranch,595 Prefontaine Ave,970-618-4388,Rifle Colorado 81650
309,# 103505,Mesa,Nell's Farms LLC,1365 13 3/4 Road,,Loma Colorado 81524
310,# 103556,Mesa,Colorado Hemp Solutions LLC,3026 Hwy 50,9704344143,Grand Junction Colorado 81503
311,# 103626,Mesa,Colorado Hemp Solutions LLC,P.o. Box 13,9704344143,GRAND JUNCTION Colorado 81527
312,# 103632,Mesa,Western Colorado Hemp LLC,340 34 Road,970-985-5371,Palisade Colorado 81526
313,# 103634,Mesa,Endo Scientific LLC,6660 Delmonico Dr # 330,791-660-5439,Colorado Springs Colorado 80919
314,# 103635,Mesa,Western Colorado Hemp LLC,340 34 Road,970-985-5371,Palisade Colorado 81526
315,# 103640,Mesa,NIESBROS FARMS INC,281 29 Road,970-242-8510,Grand Junction Colorado 81503
316,# 103680,Mesa,Zoetic Corporation,PO Box 832,9702618591,Palisade Colorado 81526
317,# 103700,Mesa,Charles R. Peacock,655 25 Road,970-620-3205,Grand Junction Colorado 81505
318,# 103701,Mesa,Jim Westermire,PO.Box 1677,970-434-7335,Grand Junction Colorado 81502
319,# 103792,Mesa,U Reap What U Sow Inc.,2280 I 1/4 Rd,303-438-0800,Grand Junction Colorado 81505
320,# 103883,Mesa,Li's Farm LLC,12500 BS Road,9703126727,Glade Park Colorado 81523
321,# 103887,Mesa,Josh Stoner Ltd.,2154 Buffalo Drive,352-316-2497,Grand Junction Colorado 81507
322,# 103907,Mesa,Colorado Hemp Solutions LLC,3026 HWY 50,9704344143,Grand Junction Colorado 81503
323,# 103919,Mesa,Amish Grown Hemp Farm LLC,2060 16 Rd,9702508679,Loma Colorado 81524
324,# 103925,Mesa,"By the By, LLC",3674 G 4/10 Rd,970-986-2584,Palisade Colorado 81526
325,# 103953,Mesa,FOXHOLE FARMS LLC,1365 14rd,9702167390,Loma Colorado 81524
326,# 103970,Mesa,"Vitra Biosciences, Inc.",2695 Patterson Rd. Ste 2-315,970-216-3032,Grand Junction  Colorado 81506
327,# 103973,Mesa,"Colorado Hemp Solutions, LLC",3026 HWY 50,9704344143,Grand Junction Colorado 81503
328,# 103518,Montezuma,Wicked Sisters Hemp LLC,9340 Rd 29.25,970-799-4095,Cortez Colorado 81321
329,# 103641,Montezuma,Anatolian Farms LLC,31317 Road R,805-704-1156,Mancos Colorado 81328
330,# 103786,Montezuma,"Hemp Spirit Extracts, LLC",19891 County Road G,7205268240,Cortez Colorado 81321
331,# 103793,Montezuma,Slow Hemp LLC,19891 Road G,7205268240,Cortez Colorado 81321
332,# 103803,Montezuma,"RLT Quest, L.L.C. dba Colorado Goofy",PO Box 1316,6026251504,Dolores Colorado 81323
333,# 103864,Montezuma,Buckethead Enterprises LLC,PO Box 1042,970-565-0277,Dolores Colorado 81323
334,# 103514,Montrose,black canyon hemp company,5775 w 56th ave unit d,303-588-1566,arvada Colorado 80002
335,# 103528,Montrose,Santa Rosa Hemp LLC,73280 Kinikin Road,9517508467,Montrose Colorado 81401
336,# 103565,Montrose,Hills Hemp Company LLC,60246 Spring Creek Rd,2086970088,Montrose Colorado 81403
337,# 103608,Montrose,DBBC Properties CO LLC,53582 Falcon Rd,214-869-6164,Olathe Colorado 81425
338,# 103609,Montrose,DBBC Properties CO LLC,53582 Falcon Road,214-869-6164,Olathe Colorado 81425
339,# 103610,Montrose,DBBC Properties CO LLC,53582 Falcon Road,214-869-6164,Olathe Colorado 81425
340,# 103611,Montrose,DBBC Properties CO LLC,53582 Falcon Road,214-869-6164,Olathe Colorado 81425
341,# 103612,Montrose,DBBC Properties CO LLC,53582 Falcon Road,214-869-6164,Olathe Colorado 81425
342,# 103613,Montrose,DBBC Properties CO LLC,53582 Falcon Road,214-869-6164,Olathe Colorado 81425
343,# 103614,Montrose,DBBC Properties CO LLC,53582 Falcon Road,214-869-6164,Olathe Colorado 81425
344,# 103615,Montrose,DBBC Properties CO LLC,53582 Falcon Road,214-869-6164,Olathe Colorado 81425
345,# 103617,Montrose,"PINNER ENTERPRISES, L.L.C.",5772 5600 Road,9702082770,Olathe Colorado 81425
346,# 103633,Montrose,Omega Family Farms LLC,4882 Colorow Rd,970-964-9111,Olathe Colorado 81425
347,# 103668,Montrose,Lazy B Gardens,63633 Ida Road,970-275-4278,Montrose Colorado 81401
348,# 103686,Montrose,Kirk Benjamin LLC,3998 5500 Rd,970-209-7770,Olathe Colorado 81425
349,# 103689,Montrose,"Typhoon Farma, Inc.","3900 E Mexico Ave, Suite 300",720-258-6940,Denver Colorado 80210
350,# 103690,Montrose,"Typhoon Farma, Inc.","3900 E Mexico Ave, Suite 300",720-258-6940,Denver Colorado 80210
351,# 103691,Montrose,"Typhoon Farma, Inc.","3900 E Mexico Ave, Suite 300",7202586940,Denver Colorado 80210
352,# 103743,Montrose,"Typhoon Farma, Inc.",3900 E Mexico Ave. Suite 300,720-258-6940,Denver Colorado 80210
353,# 103750,Montrose,Double Down Ag LLC,430 W. 8th Street,970-975-1624,Delta Colorado 81416
354,# 103751,Montrose,Double Down Ag LLC,430 W. 8th Street,970-975-1624,Delta Colorado 81416
355,# 103752,Montrose,Double Down Ag LLC,430 W. 8th Street,970-975-1624,Delta Colorado 81416
356,# 103753,Montrose,Double Down Ag LLC,430 W. 8th Street,970-975-1624,Delta Colorado 81416
357,# 103754,Montrose,Double Down Ag LLC,430 W. 8th Street,970-975-1624,Delta Colorado 81416
358,# 103755,Montrose,Double Down Ag LLC,430 W. 8th St.,970-975-1624,Delta Colorado 81416
359,# 103757,Montrose,Double Down Ag LLC,430 W. 8th Street,970-975-1624,Delta Colorado 81416
360,# 103759,Montrose,Double Down Ag.,430 W. 8th Street,970-975-1624,Delta Colorado 81416
361,# 103760,Montrose,Double Down Ag LLC,430 W. 8th St.,970-975-1624,Delta Colorado 81416
362,# 103776,Montrose,Deep Roots Ag. LLC,67615 Trout Rd,928-587-1846,Montrose Colorado 81403
363,# 103782,Montrose,Blue Dog Hemp Company,236 S. 3rd #404,512-516-4055,Montrose Colorado 81401
364,# 103801,Montrose,Trevor Pedigo,P.O. Box 91,970-519-1293,Redvale Colorado 81431
365,# 103821,Montrose,"International Hemp, LLC",1766 W 46th Ave PO Box 11806,3039902369,Denver Colorado 80221
366,# 103831,Montrose,Aspen Forest Hemp LLC,75340 Q72 RD,404-998-9029,Montrose Colorado 81401
367,# 103858,Montrose,"Pea Green Farms, LLC",53498 Easter Rd,9709852459,Olathe Colorado 81425
368,# 103945,Montrose,Intermountain Geo Farm,18512 6500 ROAD,801 554 4634,MONTROSE Colorado 81403
369,# 104011,Montrose,Courthouse hemp,10175 6400 Rd,(970) 318 0153,Montrose Colorado 81401
370,# 103652,Morgan,HTL Agriculture Inc,4865 S Tempe Street,720-626-3029,Aurora Colorado 80015
371,# 103661,Morgan,Dexter Rice,"29274 4TH ST, PO Box 745",3039299345,Snyder Colorado 80750
372,# 103734,Morgan,New West Genetics Inc.,320 E Vine Dr Ste 225,800-970-1615,Fort Collins Colorado 80524
373,# 103736,Morgan,New West Genetics Inc.,320 E Vine Dr Ste 225,9704204997,Fort Collins Colorado 80524
374,# 103737,Morgan,"New West Genetics, Inc.",320 E Vine Dr Ste 225,9704204997,Fort Collins Colorado 80524
375,# 103758,Morgan,Ted's Home Grown llc,901 County Road 3,760-362-3206,Wiggins Colorado 80654
376,# 103807,Morgan,Plumthicket Farms LLC,5597 County Road S,3039151513,Wiggins Colorado 80654
377,# 103825,Morgan,Elkridge Farm LLC,3678 Whetstone Way,9704021537,Mead Colorado 80542
378,# 103494,Otero,"Whole Hemp Company, LLC.",615 Wooten Rd. Suite 110,719-574-2159,Colorado Springs Colorado 80915
379,# 103665,Otero,Randolph Anthony Felix,18626 Hwy 202,719-652-2368,Rocky Ford Colorado 81067
380,# 103729,Otero,Rocky Ford Hemp Company,17830 County Rd EE,9517603435,Rocky Ford Colorado 81067
381,# 103730,Otero,Rocky Ford Hemp Company,17830 County Rd EE,9517603435,Rocky Ford Colorado 81067
382,# 103818,Otero,"International Hemp, LLC",1766 W 46th Ave PO Box 11806,3039902369,Denver Colorado 80221
383,# 103819,Otero,Whole Hemp Company LLC,615 Wooten Rd. Suite 110,7195742159,Colorado Springs Colorado 80915
384,# 103829,Otero,Elvis Farms Corporation,9138 US Highway 50,786-239-4710,Manzanola Colorado 81058
385,# 103834,Otero,Elvis Farms Corporation,9138 US Highway 50,786-239-4710,Manzanola Colorado 81058
386,# 103885,Otero,"Finkner Farms, LLC",1018 Topeka Avenue,719-331-1025,La Junta Colorado 81050
387,# 103796,Ouray,AlpenGrow Organic CBD LLC,536 County Road 10,970-596-3425,Ridgway Colorado 81432
388,# 103845,Ouray,Harvest Worx LLC,"3410 Williams Drive, Suite 420 - Box",,420
389,801-404-2112,Montrose Colorado 81401,# 103863,Ouray,All Ways Farms LLC,382 Sugar Bush Lane
390,9365526668,Montrose Colorado 81403,,,,
391,# 103515,Park,melange NR llc,12343 bear den lane,904-476-0554,Conifer Colorado 80433
392,# 103523,Park,"""Try IT"" LLC",2700 Federal Blvd #201,720-388-2882,Denver Colorado 80211
393,# 103773,Park,Biotech Inc,PO Box 24,303-842-0179,Fairplay Colorado 80440
394,# 103890,Park,"Granny's High Altitude Super Hemp, LLC.",38321 Hwy 24,719-748-4736,Lake George Colorado 80827
395,# 103959,Park,14 PEAKS LLC,PO Box 308 26800 HWY 9,,Hartsel Colorado 80449
396,# 103958,Pitkin,Terra Firma Solutions LLC,2956 Emma Rd,970-618-9500,Basalt Colorado 81621
397,# 103563,Prowers,Pin In The Sand LLC,"360 South Garfield Street, 6th Floor",303-333-9810,Denver Colorado 80209
398,# 103564,Prowers,Pin In The Sand LLC,"360 South Garfield Street, 6th Floor",303-333-9810,Denver Colorado 80209
399,# 103704,Prowers,Scottys Gardens LLC,28948 County Road 30.5,303-990-1658,Holly Colorado 81047
400,# 103705,Prowers,Scottys Gardens LLC,28948 County Road 30.5,303-990-1658,Holly Colorado 81047
401,# 103765,Prowers,Scottys Gardens,28948 County Road 30.5,303-990-1658,Holly Colorado 81047
402,# 103766,Prowers,Scottys Gardens,28948 County Road 30.5,303-990-1658,Holly Colorado 81047
403,# 103861,Prowers,"Scotty's Gardens, LLC",28948 County Road 30.5,303-990-1658,Holly Colorado 81047
404,# 103483,Pueblo,Smoking flower hemp farm llc,6120 State Highway 78,7196218830,Pueblo  Colorado 81005
405,# 103502,Pueblo,"Stinson Bushnell Industries, LLC",634 Valley Road,202-486-0708,Lone Tree Colorado 80124
406,# 103550,Pueblo,INO Holdings LLC,387 E Enterprise Drive STE 120,3038084079,Pueblo West Colorado 81007
407,# 103573,Pueblo,Functional Remedies LLC,"1000 S. McCaslin Blvd, Ste 301",7202700488,Superior Colorado 80027
408,# 103616,Pueblo,Raw Peak LLC,"509 Broadway Ave, APT 2",719-281-2109,Pueblo Colorado 81004
409,# 103672,Pueblo,"Green Valley Grow, LLC",PO Box 9437,7197168310,Pueblo Colorado 81008
410,# 103741,Pueblo,2241 Overton Rd. LLC,4202 St Andrews Dr,719-671-4027,Pueblo Colorado 81001
411,# 103744,Pueblo,JAMES FRANK WILLIAMS,RFD-c/o PO Box 11814,719-544-0259,Pueblo Colorado 81001
412,# 103769,Pueblo,Hemp Fields Farm,PO Box 3201,7195825601,Pueblo Colorado 81005
413,# 103800,Pueblo,Los Hermanos Brothers Ltd.,1001 Garfield Ave,2102547485,La Junta Colorado 81050
414,# 103894,Pueblo,A4E Consulting,3550 36th Lane,719-784-3315,Avondale Colorado 81022
415,# 103896,Pueblo,"271 Lake Davis Holdings, LLC d/b/a The Veritas",1325 Cheyenne Ave.,Farms,
416,720-989-4585,Pueblo Colorado 81003,# 103910,Pueblo,Colorado State University-Pueblo,Institute of Cannabis Research; 2200
417,,Bonforte Blvd,719-549-2911,Pueblo Colorado 81001,# 103934,Pueblo
418,Boone's Farm LLC.,"12650 W. 64th Ave, Unit E 420",3033789484,Arvada Colorado 80004,# 103999,Pueblo
419,Halcyon Hemp Ltd.,927 Claremont Ave,719-543-1521,Pueblo Colorado 81004,,
420,# 103658,Rio Blanco,Nip And Tuck Farms LLC,PO Box 574,970-878-3556,Meeker Colorado 81641
421,# 103859,Rio Grande,TBHS LLC,6019 County Rd CC.250,5129631828,La Jara Colorado 81140
422,# 103867,Rio Grande,Wright-Oakes LLC,430 Pronghorn Hill,719-849-1168,Del Norte Colorado 81132
423,# 103873,Routt,GOHCo Operations LLC,"2780 Acre Lane #100,",9708191300,STEAMBOAT SPRINGS Colorado 80487
424,# 103971,Routt,Kanyini Farm LLC,po box 201,9708192443,hayden Colorado 81639
425,# 103490,Saguache,Mountain Hardscape and Design,1153 Bergen Pkwy Suite 1 Unit 148,720-501-7409,Evergreen Colorado 80439
426,# 103639,Saguache,Leafusion LLC,5066 County Road 112,623-523-3921,Mosca Colorado 81146
427,# 103662,Saguache,"Rhiza, LLC",44325 County Rd14PP,6176991034,GUNNISON Colorado 81230
428,# 103694,Saguache,jason reiner,4235 apple hill court,7192318819,colorado springs Colorado 80920
429,# 103778,Saguache,"Cloud CO. Farms, LLC",PO Box 681,719-722-4422,Alamosa Colorado 81101
430,# 103791,Saguache,"Cybertooth, Ltd.",57840 County Road CC,7192218181,Moffat Colorado 81143
431,# 103866,Saguache,Wright-Oakes LLC,430 Pronghorn Hill,719-849-1168,Del Norte Colorado 81132
432,# 103868,Saguache,Wright-Oakes LLC,430 Pronghorn Hill,719-849-1168,Del Norte Colorado 81132
433,# 103878,Saguache,Sun House Ventures LLC,57965 County Road C,720-582-0692,Center Colorado 81125
434,# 103879,Saguache,Sun House Ventures LLC,57965 County Road C,720-582-0692,Center Colorado 81125
435,# 103880,Saguache,Sun House Ventures LLC,57965 County Road C,720-582-0692,Center Colorado 81125
436,# 103881,Saguache,Sun House Ventures LLC,57965 County Road C,720-582-0692,Center Colorado 81125
437,# 103898,Saguache,"Sun House Ventures, LLC",57965 County Road C,720-582-0692,Center Colorado 81125
438,# 103532,Teller,Namasayin Farms,225 Crystal Peak Rd,719-330-8074,Florissant Colorado 80816
439,# 103696,Washington,Macon Acres,123 High Parkway,970-343-0060,Golden Colorado 80403
440,# 103464,Weld,"Five Acre Farm, Llc",3163 Lowell Lane,720-690-4186,Aurora Colorado 80010
441,# 103485,Weld,Rocky Mountain Fresh,14762 County Road 3,7202098086,Longmont Colorado 80504
442,# 103489,Weld,Olson's Greenhouses of Colorado LLC,1180 Saint Paul Street,303-263-4566,Denver Colorado 80206
443,# 103516,Weld,Olson's Greenhouses of Colorado LLC,1180 Saint Paul St,303-263-4566,Denver Colorado 80206
444,# 103521,Weld,Nix Produce,13505 road 19,9703816243,Platteville Colorado 80651
445,# 103531,Weld,BDM Genetics,7904 County Rd 19,303-718-3484,Fort Lupton Colorado 80621
446,# 103536,Weld,Paul W. Hansen,4038 W. 4450 S.,801-644-0425,West Haven Utah 84401
447,# 103539,Weld,"Xiant Technologies, Inc",3459 W 20th St. Suite 224,970-371-8349,Greeley Colorado 80634
448,# 103595,Weld,"BT Farms, LLC",20509 CR3,970-222-5408,Berthoud Colorado 80513
449,# 103627,Weld,Red Tin Acres,52990 County Road 17,9704208186,Carr Colorado 80612
450,# 103637,Weld,Jason Dean Klein,24488 US Highway 34,9705903019,Greeley Colorado 80631
451,# 103647,Weld,Kersey Ag Company LLC,"8301 E. Prentice Ave, Ste 100",303-773-1005,Greenwood Village Colorado 80111
452,# 103655,Weld,"Autonomous Communities, LLC",39820 CR 19,970-231-7134,Fort Collins Colorado 80524
453,# 103663,Weld,"Triple Farms, LLC",43059 CR 51,970-305-7307,Ault Colorado 80610
454,# 103685,Weld,"Colorado Vista Farms, Inc.",2761 W. 40th Ave.,303-523-1066,Denver Colorado 80211
455,# 103713,Weld,Honahlee Farm LLC,13918 W County Rd 4,303-659-5509,Brighton Colorado 80603
456,# 103721,Weld,Charlotte's Web Inc.,"1801 California St., Suite 4800",303-947-8571,Denver Colorado 80202
457,# 103745,Weld,BW Farms,102 South Olive,9709788091,Milliken Colorado 80543
458,# 103781,Weld,Triple Farms,43059 CR 51,,Ault Colorado 80610
459,# 103798,Weld,Lions Heart Holdings LLC,17820 East I-25 Frontage Rd,7576505693,Platteville Colorado 80651
460,# 103849,Weld,"KaB Farms, LLC",2215 N 47th Ave,3303307089,Greeley Colorado 80631
461,# 103888,Weld,New West Genetics Inc.,320 E VINE DR STE 225,9704204997,Fort Collins Colorado 80524
462,# 103899,Weld,Fractal Growth LLC,1301 Lucas Ave,9705682829,Loveland Colorado 80537
463,# 103932,Weld,Mile High Hemp & Clones LLC,26638 county road 388,,Kersey  Colorado 80644
464,# 103939,Weld,HM Health LLC,"1716 Main Street, Suite A #165",3037097716,Longmont Colorado 80501
465,# 103948,Weld,"Heartland Farms, LLC",51374 CR 37,303-912-8573,Nunn Colorado 80648
466,# 103957,Weld,Fruition LLC,505 County Rd 16 1/2,720-231-6865,Longmont Colorado 80504
467,# 103960,Weld,northern colorado ag research,33040 railroad avenue,9703531292,Lucerne Colorado 80646
468,# 103980,Weld,University of Northern Colorado,"501 20th St, Campus Box 1",970-351-1120,Greeley Colorado 80639
469,# 103988,Weld,Full Spectrum Farmaceuticals L.L.P.,28069 CR 17,9702153322,Windsor Colorado 80550
470,# 104006,Weld,Never Winter Botanicals,"125 2nd st, PO BOX 722",9702149920,Eaton Colorado 80615
471,# 103492,Yuma,"Howling Tree, LLC",29668 Co Rd 5,605-415-3515,Idalia Colorado 80735
472,# 103524,Yuma,Maureen B Hearty,3642 County Road D,970-358-4390,Joes Colorado 80822
473,# 103534,Yuma,"Charlotte's Web, Inc.","1801 California St., Suite 4800",970-630-5179,Denver Colorado 80202
474,# 103599,Yuma,Charlotte's Web Inc.,"1801 California St., Suite 4800",303-947-8571,Denver Colorado 80202
475,# 103695,Yuma,"Howling Tree, LLC",29668 co rd 5,6054153515,Idalia Colorado 80735
